date,timestamp,zone,building_id,building_name,incident_type,severity,severity_score,hour,day_of_week,month,response_time_min,is_resolved,description
2026-04-08 01:50:20.740180,2026-04-08 11:48:20.740180,Parking,admin_wing,Admin Wing,Biohazard,High,3,11,2,4,7.2,True,Biohazard incident in Parking zone at Admin Wing
2026-04-08 01:50:20.740180,2026-04-08 09:27:20.740180,ICU,ipd_block,IPD Block,Chemical,Critical,4,9,2,4,6.2,False,Chemical incident in ICU zone at IPD Block
2026-04-08 01:50:20.740180,2026-04-08 08:31:20.740180,Parking,emergency,Emergency Wing,Fire,High,3,8,2,4,9.0,False,Fire incident in Parking zone at Emergency Wing
2026-04-09 01:50:20.740180,2026-04-09 10:31:20.740180,Lab,emergency,Emergency Wing,Slip/Fall,Medium,2,10,3,4,23.9,True,Slip/Fall incident in Lab zone at Emergency Wing
2026-04-09 01:50:20.740180,2026-04-09 11:28:20.740180,Lab,emergency,Emergency Wing,Biohazard,High,3,11,3,4,3.3,True,Biohazard incident in Lab zone at Emergency Wing
2026-04-09 01:50:20.740180,2026-04-09 14:30:20.740180,Emergency,opd_block,OPD Block,Electrical,Medium,2,14,3,4,28.9,True,Electrical incident in Emergency zone at OPD Block
2026-04-10 01:50:20.740180,2026-04-10 15:40:20.740180,OPD,emergency,Emergency Wing,Biohazard,High,3,15,4,4,3.7,True,Biohazard incident in OPD zone at Emergency Wing
2026-04-10 01:50:20.740180,2026-04-10 13:49:20.740180,Parking,emergency,Emergency Wing,Slip/Fall,Medium,2,13,4,4,17.2,True,Slip/Fall incident in Parking zone at Emergency Wing
2026-04-13 01:50:20.740180,2026-04-13 12:39:20.740180,OPD,ipd_block,IPD Block,Chemical,High,3,12,0,4,9.2,True,Chemical incident in OPD zone at IPD Block
2026-04-13 01:50:20.740180,2026-04-13 12:21:20.740180,OPD,pharmacy,Pharmacy & Lab,Chemical,Critical,4,12,0,4,1.4,False,Chemical incident in OPD zone at Pharmacy & Lab
2026-04-13 01:50:20.740180,2026-04-13 17:41:20.740180,Pharmacy,emergency,Emergency Wing,Needle-stick,Medium,2,17,0,4,5.0,True,Needle-stick incident in Pharmacy zone at Emergency Wing
2026-04-17 01:50:20.740180,2026-04-17 14:59:20.740180,ICU,staff_quarters,Staff Quarters,Chemical,High,3,14,4,4,10.3,True,Chemical incident in ICU zone at Staff Quarters
2026-04-17 01:50:20.740180,2026-04-17 17:12:20.740180,Lab,pharmacy,Pharmacy & Lab,Chemical,Critical,4,17,4,4,7.6,True,Chemical incident in Lab zone at Pharmacy & Lab
2026-04-17 01:50:20.740180,2026-04-17 13:53:20.740180,ICU,admin_wing,Admin Wing,Chemical,High,3,13,4,4,6.7,True,Chemical incident in ICU zone at Admin Wing
2026-04-18 01:50:20.740180,2026-04-18 09:54:20.740180,ICU,ipd_block,IPD Block,Slip/Fall,High,3,9,5,4,7.2,True,Slip/Fall incident in ICU zone at IPD Block
2026-04-19 01:50:20.740180,2026-04-19 09:25:20.740180,Emergency,ipd_block,IPD Block,Needle-stick,Medium,2,9,6,4,28.7,True,Needle-stick incident in Emergency zone at IPD Block
2026-04-19 01:50:20.740180,2026-04-19 16:49:20.740180,ICU,staff_quarters,Staff Quarters,Slip/Fall,High,3,16,6,4,12.4,True,Slip/Fall incident in ICU zone at Staff Quarters
2026-04-20 01:50:20.740180,2026-04-20 16:55:20.740180,Lab,opd_block,OPD Block,Electrical,High,3,16,0,4,12.2,True,Electrical incident in Lab zone at OPD Block
2026-04-20 01:50:20.740180,2026-04-20 15:54:20.740180,ICU,emergency,Emergency Wing,Needle-stick,High,3,15,0,4,9.4,True,Needle-stick incident in ICU zone at Emergency Wing
2026-04-21 01:50:20.740180,2026-04-21 11:20:20.740180,Pharmacy,ipd_block,IPD Block,Needle-stick,Medium,2,11,1,4,16.2,True,Needle-stick incident in Pharmacy zone at IPD Block
2026-04-22 01:50:20.740180,2026-04-22 14:19:20.740180,OPD,pharmacy,Pharmacy & Lab,Needle-stick,Medium,2,14,2,4,5.5,True,Needle-stick incident in OPD zone at Pharmacy & Lab
2026-04-22 01:50:20.740180,2026-04-22 14:47:20.740180,ICU,opd_block,OPD Block,Biohazard,Medium,2,14,2,4,22.5,True,Biohazard incident in ICU zone at OPD Block
2026-04-23 01:50:20.740180,2026-04-23 08:23:20.740180,Pharmacy,opd_block,OPD Block,Needle-stick,High,3,8,3,4,3.1,True,Needle-stick incident in Pharmacy zone at OPD Block
2026-04-24 01:50:20.740180,2026-04-24 11:52:20.740180,Emergency,opd_block,OPD Block,Needle-stick,Medium,2,11,4,4,16.8,True,Needle-stick incident in Emergency zone at OPD Block
2026-04-24 01:50:20.740180,2026-04-24 11:20:20.740180,ICU,opd_block,OPD Block,Slip/Fall,Medium,2,11,4,4,23.9,True,Slip/Fall incident in ICU zone at OPD Block
2026-04-24 01:50:20.740180,2026-04-24 13:27:20.740180,ICU,admin_wing,Admin Wing,Electrical,Medium,2,13,4,4,15.3,True,Electrical incident in ICU zone at Admin Wing
2026-04-24 01:50:20.740180,2026-04-24 09:53:20.740180,OPD,staff_quarters,Staff Quarters,Needle-stick,High,3,9,4,4,11.3,True,Needle-stick incident in OPD zone at Staff Quarters
2026-04-25 01:50:20.740180,2026-04-25 07:41:20.740180,Pharmacy,opd_block,OPD Block,Chemical,High,3,7,5,4,5.7,True,Chemical incident in Pharmacy zone at OPD Block
2026-04-27 01:50:20.740180,2026-04-27 08:55:20.740180,OPD,pharmacy,Pharmacy & Lab,Biohazard,Medium,2,8,0,4,16.7,True,Biohazard incident in OPD zone at Pharmacy & Lab
2026-04-27 01:50:20.740180,2026-04-27 07:03:20.740180,Lab,opd_block,OPD Block,Electrical,Medium,2,7,0,4,28.9,True,Electrical incident in Lab zone at OPD Block
2026-04-28 01:50:20.740180,2026-04-28 16:52:20.740180,Parking,staff_quarters,Staff Quarters,Needle-stick,Low,1,16,1,4,38.4,True,Needle-stick incident in Parking zone at Staff Quarters
2026-04-28 01:50:20.740180,2026-04-28 11:34:20.740180,Emergency,opd_block,OPD Block,Fire,Medium,2,11,1,4,20.4,True,Fire incident in Emergency zone at OPD Block
2026-04-28 01:50:20.740180,2026-04-28 17:30:20.740180,Emergency,opd_block,OPD Block,Slip/Fall,Medium,2,17,1,4,23.3,True,Slip/Fall incident in Emergency zone at OPD Block
2026-04-28 01:50:20.740180,2026-04-28 12:33:20.740180,Pharmacy,admin_wing,Admin Wing,Slip/Fall,Low,1,12,1,4,46.2,True,Slip/Fall incident in Pharmacy zone at Admin Wing
2026-04-29 01:50:20.740180,2026-04-29 21:38:20.740180,OPD,emergency,Emergency Wing,Needle-stick,Critical,4,21,2,4,6.7,True,Needle-stick incident in OPD zone at Emergency Wing
2026-04-29 01:50:20.740180,2026-04-29 11:12:20.740180,Parking,opd_block,OPD Block,Chemical,Critical,4,11,2,4,5.1,True,Chemical incident in Parking zone at OPD Block
2026-04-30 01:50:20.740180,2026-04-30 13:14:20.740180,Pharmacy,ipd_block,IPD Block,Biohazard,Critical,4,13,3,4,7.1,True,Biohazard incident in Pharmacy zone at IPD Block
2026-04-30 01:50:20.740180,2026-04-30 14:22:20.740180,ICU,opd_block,OPD Block,Chemical,Critical,4,14,3,4,2.6,False,Chemical incident in ICU zone at OPD Block
2026-05-01 01:50:20.740180,2026-05-01 12:53:20.740180,ICU,admin_wing,Admin Wing,Biohazard,High,3,12,4,5,9.0,True,Biohazard incident in ICU zone at Admin Wing
2026-05-01 01:50:20.740180,2026-05-01 16:07:20.740180,ICU,ipd_block,IPD Block,Chemical,High,3,16,4,5,2.4,True,Chemical incident in ICU zone at IPD Block
2026-05-02 01:50:20.740180,2026-05-02 20:06:20.740180,Emergency,emergency,Emergency Wing,Chemical,High,3,20,5,5,2.1,True,Chemical incident in Emergency zone at Emergency Wing
2026-05-03 01:50:20.740180,2026-05-03 13:53:20.740180,OPD,staff_quarters,Staff Quarters,Slip/Fall,High,3,13,6,5,11.8,True,Slip/Fall incident in OPD zone at Staff Quarters
2026-05-04 01:50:20.740180,2026-05-04 13:06:20.740180,Emergency,pharmacy,Pharmacy & Lab,Chemical,High,3,13,0,5,11.5,True,Chemical incident in Emergency zone at Pharmacy & Lab
2026-05-04 01:50:20.740180,2026-05-04 15:11:20.740180,Pharmacy,staff_quarters,Staff Quarters,Biohazard,Medium,2,15,0,5,21.8,True,Biohazard incident in Pharmacy zone at Staff Quarters
2026-05-04 01:50:20.740180,2026-05-04 16:05:20.740180,ICU,emergency,Emergency Wing,Biohazard,Medium,2,16,0,5,20.8,True,Biohazard incident in ICU zone at Emergency Wing
2026-05-05 01:50:20.740180,2026-05-05 06:02:20.740180,Lab,opd_block,OPD Block,Biohazard,High,3,6,1,5,6.2,True,Biohazard incident in Lab zone at OPD Block
2026-05-06 01:50:20.740180,2026-05-06 13:18:20.740180,Parking,admin_wing,Admin Wing,Chemical,Critical,4,13,2,5,1.3,True,Chemical incident in Parking zone at Admin Wing
2026-05-06 01:50:20.740180,2026-05-06 09:20:20.740180,Pharmacy,opd_block,OPD Block,Fire,Critical,4,9,2,5,1.2,True,Fire incident in Pharmacy zone at OPD Block
2026-05-08 01:50:20.740180,2026-05-08 11:49:20.740180,Pharmacy,pharmacy,Pharmacy & Lab,Needle-stick,High,3,11,4,5,6.3,True,Needle-stick incident in Pharmacy zone at Pharmacy & Lab
2026-05-08 01:50:20.740180,2026-05-08 08:54:20.740180,OPD,staff_quarters,Staff Quarters,Chemical,Medium,2,8,4,5,11.3,True,Chemical incident in OPD zone at Staff Quarters
2026-05-08 01:50:20.740180,2026-05-08 21:31:20.740180,Parking,opd_block,OPD Block,Needle-stick,Medium,2,21,4,5,24.8,True,Needle-stick incident in Parking zone at OPD Block
2026-05-09 01:50:20.740180,2026-05-09 13:47:20.740180,Parking,opd_block,OPD Block,Slip/Fall,Low,1,13,5,5,59.5,True,Slip/Fall incident in Parking zone at OPD Block
2026-05-09 01:50:20.740180,2026-05-09 12:31:20.740180,Parking,opd_block,OPD Block,Fire,Medium,2,12,5,5,28.5,True,Fire incident in Parking zone at OPD Block
2026-05-10 01:50:20.740180,2026-05-10 11:34:20.740180,Parking,pharmacy,Pharmacy & Lab,Chemical,Medium,2,11,6,5,24.9,True,Chemical incident in Parking zone at Pharmacy & Lab
2026-05-12 01:50:20.740180,2026-05-12 07:08:20.740180,Emergency,emergency,Emergency Wing,Chemical,High,3,7,1,5,6.3,True,Chemical incident in Emergency zone at Emergency Wing
2026-05-12 01:50:20.740180,2026-05-12 12:13:20.740180,OPD,emergency,Emergency Wing,Needle-stick,Critical,4,12,1,5,2.3,True,Needle-stick incident in OPD zone at Emergency Wing
2026-05-13 01:50:20.740180,2026-05-13 13:56:20.740180,Parking,emergency,Emergency Wing,Fire,Critical,4,13,2,5,6.5,True,Fire incident in Parking zone at Emergency Wing
2026-05-13 01:50:20.740180,2026-05-13 18:15:20.740180,Parking,pharmacy,Pharmacy & Lab,Fire,Critical,4,18,2,5,4.7,True,Fire incident in Parking zone at Pharmacy & Lab
2026-05-13 01:50:20.740180,2026-05-13 19:54:20.740180,Pharmacy,pharmacy,Pharmacy & Lab,Chemical,Medium,2,19,2,5,13.6,False,Chemical incident in Pharmacy zone at Pharmacy & Lab
2026-05-14 01:50:20.740180,2026-05-14 19:20:20.740180,OPD,ipd_block,IPD Block,Needle-stick,High,3,19,3,5,3.7,True,Needle-stick incident in OPD zone at IPD Block
2026-05-15 01:50:20.740180,2026-05-15 19:52:20.740180,OPD,emergency,Emergency Wing,Electrical,High,3,19,4,5,7.1,True,Electrical incident in OPD zone at Emergency Wing
2026-05-15 01:50:20.740180,2026-05-15 07:50:20.740180,Pharmacy,pharmacy,Pharmacy & Lab,Electrical,High,3,7,4,5,13.5,True,Electrical incident in Pharmacy zone at Pharmacy & Lab
2026-05-16 01:50:20.740180,2026-05-16 10:13:20.740180,Parking,opd_block,OPD Block,Chemical,Critical,4,10,5,5,7.0,True,Chemical incident in Parking zone at OPD Block
2026-05-16 01:50:20.740180,2026-05-16 12:14:20.740180,Parking,pharmacy,Pharmacy & Lab,Biohazard,Medium,2,12,5,5,22.3,True,Biohazard incident in Parking zone at Pharmacy & Lab
2026-05-16 01:50:20.740180,2026-05-16 12:41:20.740180,Emergency,opd_block,OPD Block,Slip/Fall,High,3,12,5,5,13.5,True,Slip/Fall incident in Emergency zone at OPD Block
2026-05-17 01:50:20.740180,2026-05-17 07:27:20.740180,Parking,staff_quarters,Staff Quarters,Fire,High,3,7,6,5,4.2,True,Fire incident in Parking zone at Staff Quarters
2026-05-17 01:50:20.740180,2026-05-17 14:16:20.740180,Pharmacy,staff_quarters,Staff Quarters,Fire,High,3,14,6,5,6.1,True,Fire incident in Pharmacy zone at Staff Quarters
2026-05-18 01:50:20.740180,2026-05-18 11:43:20.740180,ICU,staff_quarters,Staff Quarters,Chemical,High,3,11,0,5,7.9,True,Chemical incident in ICU zone at Staff Quarters
2026-05-18 01:50:20.740180,2026-05-18 12:56:20.740180,Pharmacy,admin_wing,Admin Wing,Needle-stick,High,3,12,0,5,3.8,True,Needle-stick incident in Pharmacy zone at Admin Wing
2026-05-19 01:50:20.740180,2026-05-19 16:53:20.740180,ICU,staff_quarters,Staff Quarters,Biohazard,Medium,2,16,1,5,16.9,True,Biohazard incident in ICU zone at Staff Quarters
2026-05-19 01:50:20.740180,2026-05-19 15:59:20.740180,Pharmacy,staff_quarters,Staff Quarters,Biohazard,High,3,15,1,5,6.5,False,Biohazard incident in Pharmacy zone at Staff Quarters
2026-05-20 01:50:20.740180,2026-05-20 11:38:20.740180,Lab,pharmacy,Pharmacy & Lab,Fire,Medium,2,11,2,5,16.6,True,Fire incident in Lab zone at Pharmacy & Lab
2026-05-21 01:50:20.740180,2026-05-21 15:28:20.740180,Emergency,ipd_block,IPD Block,Electrical,High,3,15,3,5,12.6,True,Electrical incident in Emergency zone at IPD Block
2026-05-22 01:50:20.740180,2026-05-22 14:57:20.740180,Emergency,ipd_block,IPD Block,Slip/Fall,High,3,14,4,5,14.5,True,Slip/Fall incident in Emergency zone at IPD Block
2026-05-25 01:50:20.740180,2026-05-25 19:03:20.740180,Lab,staff_quarters,Staff Quarters,Biohazard,Low,1,19,0,5,34.5,True,Biohazard incident in Lab zone at Staff Quarters
2026-05-25 01:50:20.740180,2026-05-25 11:29:20.740180,Lab,pharmacy,Pharmacy & Lab,Needle-stick,Medium,2,11,0,5,12.1,True,Needle-stick incident in Lab zone at Pharmacy & Lab
2026-05-25 01:50:20.740180,2026-05-25 16:53:20.740180,Parking,opd_block,OPD Block,Electrical,Medium,2,16,0,5,5.9,True,Electrical incident in Parking zone at OPD Block
2026-05-26 01:50:20.740180,2026-05-26 07:12:20.740180,Lab,admin_wing,Admin Wing,Fire,High,3,7,1,5,13.7,True,Fire incident in Lab zone at Admin Wing
2026-05-27 01:50:20.740180,2026-05-27 14:42:20.740180,Lab,pharmacy,Pharmacy & Lab,Chemical,Medium,2,14,2,5,5.8,False,Chemical incident in Lab zone at Pharmacy & Lab
2026-05-27 01:50:20.740180,2026-05-27 12:21:20.740180,Parking,ipd_block,IPD Block,Chemical,High,3,12,2,5,6.0,True,Chemical incident in Parking zone at IPD Block
2026-05-29 01:50:20.740180,2026-05-29 07:09:20.740180,Emergency,pharmacy,Pharmacy & Lab,Chemical,Low,1,7,4,5,31.9,True,Chemical incident in Emergency zone at Pharmacy & Lab
2026-05-29 01:50:20.740180,2026-05-29 07:31:20.740180,Lab,pharmacy,Pharmacy & Lab,Fire,Medium,2,7,4,5,18.5,True,Fire incident in Lab zone at Pharmacy & Lab
2026-05-29 01:50:20.740180,2026-05-29 09:04:20.740180,ICU,emergency,Emergency Wing,Chemical,Medium,2,9,4,5,23.4,True,Chemical incident in ICU zone at Emergency Wing
2026-05-29 01:50:20.740180,2026-05-29 10:59:20.740180,Emergency,staff_quarters,Staff Quarters,Biohazard,Critical,4,10,4,5,5.9,True,Biohazard incident in Emergency zone at Staff Quarters
2026-05-31 01:50:20.740180,2026-05-31 13:47:20.740180,Lab,admin_wing,Admin Wing,Electrical,Critical,4,13,6,5,6.4,True,Electrical incident in Lab zone at Admin Wing
2026-05-31 01:50:20.740180,2026-05-31 15:10:20.740180,Pharmacy,admin_wing,Admin Wing,Biohazard,High,3,15,6,5,11.1,True,Biohazard incident in Pharmacy zone at Admin Wing
2026-06-01 01:50:20.740180,2026-06-01 13:01:20.740180,OPD,admin_wing,Admin Wing,Fire,Medium,2,13,0,6,12.0,True,Fire incident in OPD zone at Admin Wing
2026-06-01 01:50:20.740180,2026-06-01 07:04:20.740180,Lab,admin_wing,Admin Wing,Fire,High,3,7,0,6,14.7,True,Fire incident in Lab zone at Admin Wing
2026-06-02 01:50:20.740180,2026-06-02 15:21:20.740180,Emergency,opd_block,OPD Block,Fire,High,3,15,1,6,13.2,True,Fire incident in Emergency zone at OPD Block
2026-06-04 01:50:20.740180,2026-06-04 09:49:20.740180,Parking,emergency,Emergency Wing,Slip/Fall,Medium,2,9,3,6,27.0,True,Slip/Fall incident in Parking zone at Emergency Wing
2026-06-04 01:50:20.740180,2026-06-04 08:27:20.740180,OPD,admin_wing,Admin Wing,Fire,Critical,4,8,3,6,2.8,True,Fire incident in OPD zone at Admin Wing
2026-06-05 01:50:20.740180,2026-06-05 08:20:20.740180,Emergency,admin_wing,Admin Wing,Chemical,Critical,4,8,4,6,3.5,True,Chemical incident in Emergency zone at Admin Wing
2026-06-05 01:50:20.740180,2026-06-05 12:38:20.740180,Emergency,ipd_block,IPD Block,Slip/Fall,Low,1,12,4,6,55.1,True,Slip/Fall incident in Emergency zone at IPD Block
2026-06-05 01:50:20.740180,2026-06-05 12:48:20.740180,Emergency,staff_quarters,Staff Quarters,Chemical,High,3,12,4,6,10.9,True,Chemical incident in Emergency zone at Staff Quarters
2026-06-08 01:50:20.740180,2026-06-08 11:27:20.740180,OPD,ipd_block,IPD Block,Electrical,Medium,2,11,0,6,13.2,False,Electrical incident in OPD zone at IPD Block
2026-06-08 01:50:20.740180,2026-06-08 10:45:20.740180,OPD,staff_quarters,Staff Quarters,Slip/Fall,High,3,10,0,6,3.7,True,Slip/Fall incident in OPD zone at Staff Quarters
2026-06-09 01:50:20.740180,2026-06-09 16:11:20.740180,ICU,admin_wing,Admin Wing,Biohazard,High,3,16,1,6,10.9,False,Biohazard incident in ICU zone at Admin Wing
2026-06-09 01:50:20.740180,2026-06-09 10:31:20.740180,Pharmacy,emergency,Emergency Wing,Slip/Fall,Medium,2,10,1,6,14.8,True,Slip/Fall incident in Pharmacy zone at Emergency Wing
2026-06-09 01:50:20.740180,2026-06-09 09:00:20.740180,Emergency,staff_quarters,Staff Quarters,Slip/Fall,Low,1,9,1,6,33.2,True,Slip/Fall incident in Emergency zone at Staff Quarters
2026-06-09 01:50:20.740180,2026-06-09 09:52:20.740180,Lab,pharmacy,Pharmacy & Lab,Biohazard,Critical,4,9,1,6,3.7,True,Biohazard incident in Lab zone at Pharmacy & Lab
2026-06-10 01:50:20.740180,2026-06-10 16:40:20.740180,OPD,staff_quarters,Staff Quarters,Chemical,High,3,16,2,6,13.1,True,Chemical incident in OPD zone at Staff Quarters
2026-06-10 01:50:20.740180,2026-06-10 07:21:20.740180,ICU,pharmacy,Pharmacy & Lab,Slip/Fall,Medium,2,7,2,6,24.3,True,Slip/Fall incident in ICU zone at Pharmacy & Lab
2026-06-11 01:50:20.740180,2026-06-11 09:16:20.740180,Pharmacy,emergency,Emergency Wing,Electrical,Low,1,9,3,6,26.8,True,Electrical incident in Pharmacy zone at Emergency Wing
2026-06-12 01:50:20.740180,2026-06-12 11:13:20.740180,Parking,emergency,Emergency Wing,Electrical,Medium,2,11,4,6,5.6,True,Electrical incident in Parking zone at Emergency Wing
2026-06-12 01:50:20.740180,2026-06-12 19:41:20.740180,Parking,admin_wing,Admin Wing,Electrical,Critical,4,19,4,6,5.1,True,Electrical incident in Parking zone at Admin Wing
2026-06-12 01:50:20.740180,2026-06-12 10:48:20.740180,ICU,ipd_block,IPD Block,Needle-stick,Low,1,10,4,6,58.8,True,Needle-stick incident in ICU zone at IPD Block
2026-06-12 01:50:20.740180,2026-06-12 13:24:20.740180,Emergency,ipd_block,IPD Block,Slip/Fall,Medium,2,13,4,6,11.8,True,Slip/Fall incident in Emergency zone at IPD Block
2026-06-12 01:50:20.740180,2026-06-12 15:43:20.740180,Parking,staff_quarters,Staff Quarters,Electrical,High,3,15,4,6,12.0,True,Electrical incident in Parking zone at Staff Quarters
2026-06-15 01:50:20.740180,2026-06-15 08:59:20.740180,OPD,staff_quarters,Staff Quarters,Slip/Fall,Critical,4,8,0,6,6.5,True,Slip/Fall incident in OPD zone at Staff Quarters
2026-06-16 01:50:20.740180,2026-06-16 11:15:20.740180,ICU,opd_block,OPD Block,Electrical,High,3,11,1,6,7.2,True,Electrical incident in ICU zone at OPD Block
2026-06-16 01:50:20.740180,2026-06-16 10:10:20.740180,OPD,emergency,Emergency Wing,Electrical,Critical,4,10,1,6,6.9,True,Electrical incident in OPD zone at Emergency Wing
2026-06-16 01:50:20.740180,2026-06-16 13:30:20.740180,Parking,pharmacy,Pharmacy & Lab,Biohazard,High,3,13,1,6,6.2,True,Biohazard incident in Parking zone at Pharmacy & Lab
2026-06-16 01:50:20.740180,2026-06-16 10:43:20.740180,Pharmacy,admin_wing,Admin Wing,Fire,Medium,2,10,1,6,27.8,True,Fire incident in Pharmacy zone at Admin Wing
2026-06-17 01:50:20.740180,2026-06-17 07:26:20.740180,Pharmacy,pharmacy,Pharmacy & Lab,Chemical,Critical,4,7,2,6,4.2,False,Chemical incident in Pharmacy zone at Pharmacy & Lab
2026-06-17 01:50:20.740180,2026-06-17 14:08:20.740180,OPD,admin_wing,Admin Wing,Electrical,Medium,2,14,2,6,20.7,True,Electrical incident in OPD zone at Admin Wing
2026-06-17 01:50:20.740180,2026-06-17 21:20:20.740180,Parking,admin_wing,Admin Wing,Electrical,Critical,4,21,2,6,7.2,True,Electrical incident in Parking zone at Admin Wing
2026-06-18 01:50:20.740180,2026-06-18 11:59:20.740180,OPD,admin_wing,Admin Wing,Fire,Medium,2,11,3,6,28.8,True,Fire incident in OPD zone at Admin Wing
2026-06-18 01:50:20.740180,2026-06-18 13:51:20.740180,Lab,admin_wing,Admin Wing,Biohazard,Medium,2,13,3,6,17.9,True,Biohazard incident in Lab zone at Admin Wing
2026-06-23 01:50:20.740180,2026-06-23 13:05:20.740180,Emergency,staff_quarters,Staff Quarters,Chemical,High,3,13,1,6,14.6,True,Chemical incident in Emergency zone at Staff Quarters
2026-06-23 01:50:20.740180,2026-06-23 18:48:20.740180,ICU,admin_wing,Admin Wing,Needle-stick,Low,1,18,1,6,33.3,True,Needle-stick incident in ICU zone at Admin Wing
2026-06-24 01:50:20.740180,2026-06-24 18:50:20.740180,Parking,admin_wing,Admin Wing,Needle-stick,Medium,2,18,2,6,11.0,True,Needle-stick incident in Parking zone at Admin Wing
2026-06-25 01:50:20.740180,2026-06-25 12:18:20.740180,Pharmacy,opd_block,OPD Block,Slip/Fall,Low,1,12,3,6,55.6,True,Slip/Fall incident in Pharmacy zone at OPD Block
2026-06-26 01:50:20.740180,2026-06-26 11:51:20.740180,OPD,staff_quarters,Staff Quarters,Slip/Fall,Medium,2,11,4,6,14.0,True,Slip/Fall incident in OPD zone at Staff Quarters
2026-06-26 01:50:20.740180,2026-06-26 10:23:20.740180,OPD,staff_quarters,Staff Quarters,Fire,Medium,2,10,4,6,10.5,True,Fire incident in OPD zone at Staff Quarters
2026-06-29 01:50:20.740180,2026-06-29 17:16:20.740180,OPD,ipd_block,IPD Block,Biohazard,Critical,4,17,0,6,4.8,True,Biohazard incident in OPD zone at IPD Block
2026-06-29 01:50:20.740180,2026-06-29 12:37:20.740180,Lab,emergency,Emergency Wing,Fire,Medium,2,12,0,6,21.8,True,Fire incident in Lab zone at Emergency Wing
2026-06-30 01:50:20.740180,2026-06-30 13:24:20.740180,OPD,pharmacy,Pharmacy & Lab,Fire,High,3,13,1,6,9.2,True,Fire incident in OPD zone at Pharmacy & Lab
2026-07-01 01:50:20.740180,2026-07-01 08:42:20.740180,Parking,admin_wing,Admin Wing,Fire,Critical,4,8,2,7,6.1,True,Fire incident in Parking zone at Admin Wing
2026-07-01 01:50:20.740180,2026-07-01 18:43:20.740180,Lab,emergency,Emergency Wing,Fire,High,3,18,2,7,9.3,True,Fire incident in Lab zone at Emergency Wing
2026-07-02 01:50:20.740180,2026-07-02 11:30:20.740180,Pharmacy,emergency,Emergency Wing,Fire,Medium,2,11,3,7,25.1,True,Fire incident in Pharmacy zone at Emergency Wing
2026-07-03 01:50:20.740180,2026-07-03 12:12:20.740180,OPD,opd_block,OPD Block,Fire,Critical,4,12,4,7,5.6,True,Fire incident in OPD zone at OPD Block
2026-07-03 01:50:20.740180,2026-07-03 08:50:20.740180,Emergency,staff_quarters,Staff Quarters,Needle-stick,Medium,2,8,4,7,11.6,True,Needle-stick incident in Emergency zone at Staff Quarters
2026-07-04 01:50:20.740180,2026-07-04 17:40:20.740180,OPD,staff_quarters,Staff Quarters,Needle-stick,Low,1,17,5,7,57.7,True,Needle-stick incident in OPD zone at Staff Quarters
2026-07-05 01:50:20.740180,2026-07-05 08:28:20.740180,Pharmacy,opd_block,OPD Block,Needle-stick,Low,1,8,6,7,32.6,True,Needle-stick incident in Pharmacy zone at OPD Block
2026-07-06 01:50:20.740180,2026-07-06 16:24:20.740180,ICU,staff_quarters,Staff Quarters,Electrical,Medium,2,16,0,7,22.9,True,Electrical incident in ICU zone at Staff Quarters
2026-07-07 01:50:20.740180,2026-07-07 11:23:20.740180,Parking,opd_block,OPD Block,Chemical,High,3,11,1,7,6.0,True,Chemical incident in Parking zone at OPD Block
2026-07-07 01:50:20.740180,2026-07-07 11:02:20.740180,OPD,ipd_block,IPD Block,Electrical,Critical,4,11,1,7,1.1,True,Electrical incident in OPD zone at IPD Block
2026-07-08 01:50:20.740180,2026-07-08 13:07:20.740180,OPD,staff_quarters,Staff Quarters,Biohazard,Critical,4,13,2,7,4.2,True,Biohazard incident in OPD zone at Staff Quarters
2026-07-08 01:50:20.740180,2026-07-08 12:06:20.740180,Lab,emergency,Emergency Wing,Chemical,High,3,12,2,7,7.6,True,Chemical incident in Lab zone at Emergency Wing
2026-07-09 01:50:20.740180,2026-07-09 09:15:20.740180,ICU,opd_block,OPD Block,Biohazard,High,3,9,3,7,9.6,True,Biohazard incident in ICU zone at OPD Block
2026-07-09 01:50:20.740180,2026-07-09 21:06:20.740180,Emergency,staff_quarters,Staff Quarters,Slip/Fall,High,3,21,3,7,2.6,True,Slip/Fall incident in Emergency zone at Staff Quarters
2026-07-09 01:50:20.740180,2026-07-09 11:52:20.740180,Emergency,admin_wing,Admin Wing,Needle-stick,Low,1,11,3,7,26.3,True,Needle-stick incident in Emergency zone at Admin Wing
2026-07-10 01:50:20.740180,2026-07-10 10:31:20.740180,Emergency,opd_block,OPD Block,Slip/Fall,Medium,2,10,4,7,21.7,True,Slip/Fall incident in Emergency zone at OPD Block
2026-07-10 01:50:20.740180,2026-07-10 14:09:20.740180,OPD,staff_quarters,Staff Quarters,Fire,High,3,14,4,7,2.4,False,Fire incident in OPD zone at Staff Quarters
2026-07-10 01:50:20.740180,2026-07-10 06:54:20.740180,ICU,pharmacy,Pharmacy & Lab,Biohazard,Medium,2,6,4,7,25.3,True,Biohazard incident in ICU zone at Pharmacy & Lab
2026-07-10 01:50:20.740180,2026-07-10 10:20:20.740180,ICU,pharmacy,Pharmacy & Lab,Electrical,Medium,2,10,4,7,20.4,True,Electrical incident in ICU zone at Pharmacy & Lab
2026-07-12 01:50:20.740180,2026-07-12 10:42:20.740180,Emergency,opd_block,OPD Block,Fire,Critical,4,10,6,7,3.4,True,Fire incident in Emergency zone at OPD Block
2026-07-12 01:50:20.740180,2026-07-12 11:53:20.740180,ICU,emergency,Emergency Wing,Fire,High,3,11,6,7,7.9,True,Fire incident in ICU zone at Emergency Wing
2026-07-12 01:50:20.740180,2026-07-12 15:42:20.740180,Pharmacy,admin_wing,Admin Wing,Electrical,Medium,2,15,6,7,10.2,True,Electrical incident in Pharmacy zone at Admin Wing
2026-07-13 01:50:20.740180,2026-07-13 13:13:20.740180,OPD,ipd_block,IPD Block,Electrical,High,3,13,0,7,15.0,True,Electrical incident in OPD zone at IPD Block
2026-07-13 01:50:20.740180,2026-07-13 08:27:20.740180,ICU,opd_block,OPD Block,Electrical,High,3,8,0,7,3.6,True,Electrical incident in ICU zone at OPD Block
2026-07-13 01:50:20.740180,2026-07-13 14:38:20.740180,Pharmacy,opd_block,OPD Block,Fire,High,3,14,0,7,4.7,True,Fire incident in Pharmacy zone at OPD Block
2026-07-15 01:50:20.740180,2026-07-15 21:05:20.740180,ICU,pharmacy,Pharmacy & Lab,Needle-stick,Medium,2,21,2,7,11.9,True,Needle-stick incident in ICU zone at Pharmacy & Lab
2026-07-15 01:50:20.740180,2026-07-15 14:35:20.740180,Lab,opd_block,OPD Block,Electrical,Low,1,14,2,7,40.1,True,Electrical incident in Lab zone at OPD Block
2026-07-16 01:50:20.740180,2026-07-16 15:43:20.740180,Pharmacy,opd_block,OPD Block,Biohazard,High,3,15,3,7,12.3,True,Biohazard incident in Pharmacy zone at OPD Block
2026-07-16 01:50:20.740180,2026-07-16 11:12:20.740180,ICU,staff_quarters,Staff Quarters,Needle-stick,High,3,11,3,7,8.1,True,Needle-stick incident in ICU zone at Staff Quarters
2026-07-16 01:50:20.740180,2026-07-16 12:33:20.740180,OPD,opd_block,OPD Block,Slip/Fall,Medium,2,12,3,7,28.9,True,Slip/Fall incident in OPD zone at OPD Block
2026-07-17 01:50:20.740180,2026-07-17 11:38:20.740180,Parking,ipd_block,IPD Block,Biohazard,High,3,11,4,7,8.8,True,Biohazard incident in Parking zone at IPD Block
2026-07-17 01:50:20.740180,2026-07-17 15:29:20.740180,Pharmacy,ipd_block,IPD Block,Biohazard,High,3,15,4,7,6.2,True,Biohazard incident in Pharmacy zone at IPD Block
2026-07-17 01:50:20.740180,2026-07-17 10:06:20.740180,Parking,admin_wing,Admin Wing,Fire,Medium,2,10,4,7,22.5,True,Fire incident in Parking zone at Admin Wing
2026-07-17 01:50:20.740180,2026-07-17 08:35:20.740180,Parking,opd_block,OPD Block,Biohazard,High,3,8,4,7,3.3,True,Biohazard incident in Parking zone at OPD Block
2026-07-18 01:50:20.740180,2026-07-18 12:57:20.740180,Parking,opd_block,OPD Block,Slip/Fall,High,3,12,5,7,12.0,True,Slip/Fall incident in Parking zone at OPD Block
2026-07-19 01:50:20.740180,2026-07-19 07:53:20.740180,Pharmacy,emergency,Emergency Wing,Biohazard,Critical,4,7,6,7,4.2,True,Biohazard incident in Pharmacy zone at Emergency Wing
2026-07-20 01:50:20.740180,2026-07-20 16:00:20.740180,ICU,emergency,Emergency Wing,Needle-stick,Low,1,16,0,7,48.9,True,Needle-stick incident in ICU zone at Emergency Wing
2026-07-20 01:50:20.740180,2026-07-20 15:00:20.740180,Emergency,pharmacy,Pharmacy & Lab,Chemical,Low,1,15,0,7,50.4,True,Chemical incident in Emergency zone at Pharmacy & Lab
2026-07-20 01:50:20.740180,2026-07-20 08:34:20.740180,Pharmacy,pharmacy,Pharmacy & Lab,Chemical,High,3,8,0,7,13.3,True,Chemical incident in Pharmacy zone at Pharmacy & Lab
2026-07-20 01:50:20.740180,2026-07-20 09:24:20.740180,Lab,pharmacy,Pharmacy & Lab,Chemical,High,3,9,0,7,6.7,True,Chemical incident in Lab zone at Pharmacy & Lab
2026-07-20 01:50:20.740180,2026-07-20 15:00:20.740180,Parking,emergency,Emergency Wing,Biohazard,Medium,2,15,0,7,21.5,True,Biohazard incident in Parking zone at Emergency Wing
2026-07-21 01:50:20.740180,2026-07-21 10:13:20.740180,Pharmacy,emergency,Emergency Wing,Chemical,Critical,4,10,1,7,2.6,True,Chemical incident in Pharmacy zone at Emergency Wing
2026-07-21 01:50:20.740180,2026-07-21 15:28:20.740180,ICU,admin_wing,Admin Wing,Fire,High,3,15,1,7,2.1,True,Fire incident in ICU zone at Admin Wing
2026-07-22 01:50:20.740180,2026-07-22 12:03:20.740180,OPD,ipd_block,IPD Block,Needle-stick,Medium,2,12,2,7,22.8,True,Needle-stick incident in OPD zone at IPD Block
2026-07-25 01:50:20.740180,2026-07-25 07:21:20.740180,Emergency,emergency,Emergency Wing,Fire,Medium,2,7,5,7,13.7,True,Fire incident in Emergency zone at Emergency Wing
2026-07-27 01:50:20.740180,2026-07-27 09:01:20.740180,ICU,admin_wing,Admin Wing,Slip/Fall,Medium,2,9,0,7,16.6,True,Slip/Fall incident in ICU zone at Admin Wing
2026-07-29 01:50:20.740180,2026-07-29 06:08:20.740180,Pharmacy,ipd_block,IPD Block,Slip/Fall,Low,1,6,2,7,50.9,True,Slip/Fall incident in Pharmacy zone at IPD Block
2026-07-31 01:50:20.740180,2026-07-31 17:58:20.740180,Lab,ipd_block,IPD Block,Needle-stick,Medium,2,17,4,7,6.7,False,Needle-stick incident in Lab zone at IPD Block
2026-08-01 01:50:20.740180,2026-08-01 12:47:20.740180,OPD,emergency,Emergency Wing,Chemical,Critical,4,12,5,8,7.4,True,Chemical incident in OPD zone at Emergency Wing
2026-08-01 01:50:20.740180,2026-08-01 15:44:20.740180,ICU,emergency,Emergency Wing,Chemical,Medium,2,15,5,8,17.4,True,Chemical incident in ICU zone at Emergency Wing
2026-08-03 01:50:20.740180,2026-08-03 20:59:20.740180,OPD,admin_wing,Admin Wing,Chemical,Medium,2,20,0,8,8.9,True,Chemical incident in OPD zone at Admin Wing
2026-08-03 01:50:20.740180,2026-08-03 12:40:20.740180,ICU,ipd_block,IPD Block,Fire,High,3,12,0,8,14.1,True,Fire incident in ICU zone at IPD Block
2026-08-03 01:50:20.740180,2026-08-03 15:33:20.740180,Parking,admin_wing,Admin Wing,Needle-stick,High,3,15,0,8,7.6,True,Needle-stick incident in Parking zone at Admin Wing
2026-08-03 01:50:20.740180,2026-08-03 21:13:20.740180,OPD,emergency,Emergency Wing,Slip/Fall,Low,1,21,0,8,57.6,True,Slip/Fall incident in OPD zone at Emergency Wing
2026-08-03 01:50:20.740180,2026-08-03 13:59:20.740180,ICU,emergency,Emergency Wing,Electrical,High,3,13,0,8,7.1,True,Electrical incident in ICU zone at Emergency Wing
2026-08-04 01:50:20.740180,2026-08-04 08:37:20.740180,Lab,opd_block,OPD Block,Chemical,Low,1,8,1,8,26.9,False,Chemical incident in Lab zone at OPD Block
2026-08-04 01:50:20.740180,2026-08-04 08:09:20.740180,Parking,admin_wing,Admin Wing,Chemical,High,3,8,1,8,8.0,True,Chemical incident in Parking zone at Admin Wing
2026-08-04 01:50:20.740180,2026-08-04 16:00:20.740180,Emergency,staff_quarters,Staff Quarters,Fire,Medium,2,16,1,8,23.3,True,Fire incident in Emergency zone at Staff Quarters
2026-08-04 01:50:20.740180,2026-08-04 15:54:20.740180,Emergency,staff_quarters,Staff Quarters,Chemical,Medium,2,15,1,8,11.4,True,Chemical incident in Emergency zone at Staff Quarters
2026-08-04 01:50:20.740180,2026-08-04 12:41:20.740180,ICU,opd_block,OPD Block,Fire,Medium,2,12,1,8,13.2,True,Fire incident in ICU zone at OPD Block
2026-08-05 01:50:20.740180,2026-08-05 17:12:20.740180,ICU,pharmacy,Pharmacy & Lab,Electrical,High,3,17,2,8,3.1,True,Electrical incident in ICU zone at Pharmacy & Lab
2026-08-05 01:50:20.740180,2026-08-05 20:36:20.740180,Lab,staff_quarters,Staff Quarters,Chemical,High,3,20,2,8,14.1,True,Chemical incident in Lab zone at Staff Quarters
2026-08-05 01:50:20.740180,2026-08-05 10:16:20.740180,Lab,staff_quarters,Staff Quarters,Biohazard,Medium,2,10,2,8,7.5,True,Biohazard incident in Lab zone at Staff Quarters
2026-08-06 01:50:20.740180,2026-08-06 12:15:20.740180,ICU,staff_quarters,Staff Quarters,Fire,Medium,2,12,3,8,9.4,True,Fire incident in ICU zone at Staff Quarters
2026-08-07 01:50:20.740180,2026-08-07 10:44:20.740180,OPD,staff_quarters,Staff Quarters,Biohazard,Critical,4,10,4,8,5.2,True,Biohazard incident in OPD zone at Staff Quarters
2026-08-10 01:50:20.740180,2026-08-10 18:14:20.740180,Parking,pharmacy,Pharmacy & Lab,Slip/Fall,Critical,4,18,0,8,8.0,True,Slip/Fall incident in Parking zone at Pharmacy & Lab
2026-08-10 01:50:20.740180,2026-08-10 13:59:20.740180,Emergency,pharmacy,Pharmacy & Lab,Slip/Fall,Medium,2,13,0,8,15.8,True,Slip/Fall incident in Emergency zone at Pharmacy & Lab
2026-08-10 01:50:20.740180,2026-08-10 08:02:20.740180,Lab,pharmacy,Pharmacy & Lab,Chemical,High,3,8,0,8,12.3,True,Chemical incident in Lab zone at Pharmacy & Lab
2026-08-11 01:50:20.740180,2026-08-11 16:57:20.740180,Emergency,pharmacy,Pharmacy & Lab,Slip/Fall,Low,1,16,1,8,15.8,True,Slip/Fall incident in Emergency zone at Pharmacy & Lab
2026-08-11 01:50:20.740180,2026-08-11 08:22:20.740180,OPD,ipd_block,IPD Block,Slip/Fall,Medium,2,8,1,8,27.5,True,Slip/Fall incident in OPD zone at IPD Block
2026-08-11 01:50:20.740180,2026-08-11 18:19:20.740180,Lab,pharmacy,Pharmacy & Lab,Fire,Low,1,18,1,8,19.1,True,Fire incident in Lab zone at Pharmacy & Lab
2026-08-11 01:50:20.740180,2026-08-11 14:23:20.740180,ICU,opd_block,OPD Block,Slip/Fall,Medium,2,14,1,8,29.3,True,Slip/Fall incident in ICU zone at OPD Block
2026-08-12 01:50:20.740180,2026-08-12 18:19:20.740180,Pharmacy,staff_quarters,Staff Quarters,Electrical,Medium,2,18,2,8,16.7,True,Electrical incident in Pharmacy zone at Staff Quarters
2026-08-12 01:50:20.740180,2026-08-12 14:40:20.740180,Pharmacy,admin_wing,Admin Wing,Biohazard,Medium,2,14,2,8,27.2,True,Biohazard incident in Pharmacy zone at Admin Wing
2026-08-13 01:50:20.740180,2026-08-13 13:18:20.740180,Lab,opd_block,OPD Block,Biohazard,Critical,4,13,3,8,5.5,True,Biohazard incident in Lab zone at OPD Block
2026-08-13 01:50:20.740180,2026-08-13 13:08:20.740180,Lab,admin_wing,Admin Wing,Electrical,High,3,13,3,8,4.1,False,Electrical incident in Lab zone at Admin Wing
2026-08-13 01:50:20.740180,2026-08-13 11:39:20.740180,ICU,ipd_block,IPD Block,Fire,High,3,11,3,8,6.7,True,Fire incident in ICU zone at IPD Block
2026-08-15 01:50:20.740180,2026-08-15 17:41:20.740180,OPD,staff_quarters,Staff Quarters,Biohazard,High,3,17,5,8,3.6,True,Biohazard incident in OPD zone at Staff Quarters
2026-08-16 01:50:20.740180,2026-08-16 16:35:20.740180,OPD,admin_wing,Admin Wing,Needle-stick,Low,1,16,6,8,40.9,True,Needle-stick incident in OPD zone at Admin Wing
2026-08-16 01:50:20.740180,2026-08-16 13:05:20.740180,Emergency,staff_quarters,Staff Quarters,Biohazard,Critical,4,13,6,8,4.8,True,Biohazard incident in Emergency zone at Staff Quarters
2026-08-17 01:50:20.740180,2026-08-17 15:34:20.740180,OPD,opd_block,OPD Block,Needle-stick,Medium,2,15,0,8,11.8,True,Needle-stick incident in OPD zone at OPD Block
2026-08-17 01:50:20.740180,2026-08-17 18:33:20.740180,Pharmacy,emergency,Emergency Wing,Fire,Low,1,18,0,8,30.7,True,Fire incident in Pharmacy zone at Emergency Wing
2026-08-18 01:50:20.740180,2026-08-18 13:56:20.740180,ICU,emergency,Emergency Wing,Chemical,Medium,2,13,1,8,9.9,True,Chemical incident in ICU zone at Emergency Wing
2026-08-18 01:50:20.740180,2026-08-18 17:44:20.740180,ICU,pharmacy,Pharmacy & Lab,Chemical,High,3,17,1,8,9.2,True,Chemical incident in ICU zone at Pharmacy & Lab
2026-08-19 01:50:20.740180,2026-08-19 12:37:20.740180,Pharmacy,admin_wing,Admin Wing,Electrical,High,3,12,2,8,12.5,True,Electrical incident in Pharmacy zone at Admin Wing
2026-08-19 01:50:20.740180,2026-08-19 16:06:20.740180,Lab,staff_quarters,Staff Quarters,Fire,Low,1,16,2,8,21.2,True,Fire incident in Lab zone at Staff Quarters
2026-08-19 01:50:20.740180,2026-08-19 08:57:20.740180,Pharmacy,admin_wing,Admin Wing,Fire,Critical,4,8,2,8,5.9,True,Fire incident in Pharmacy zone at Admin Wing
2026-08-21 01:50:20.740180,2026-08-21 14:27:20.740180,Emergency,emergency,Emergency Wing,Slip/Fall,Low,1,14,4,8,40.8,True,Slip/Fall incident in Emergency zone at Emergency Wing
2026-08-23 01:50:20.740180,2026-08-23 09:52:20.740180,OPD,pharmacy,Pharmacy & Lab,Slip/Fall,Low,1,9,6,8,42.6,True,Slip/Fall incident in OPD zone at Pharmacy & Lab
2026-08-23 01:50:20.740180,2026-08-23 17:15:20.740180,OPD,opd_block,OPD Block,Biohazard,Medium,2,17,6,8,12.9,True,Biohazard incident in OPD zone at OPD Block
2026-08-24 01:50:20.740180,2026-08-24 11:34:20.740180,ICU,opd_block,OPD Block,Chemical,High,3,11,0,8,12.0,True,Chemical incident in ICU zone at OPD Block
2026-08-24 01:50:20.740180,2026-08-24 08:55:20.740180,OPD,staff_quarters,Staff Quarters,Electrical,High,3,8,0,8,10.1,True,Electrical incident in OPD zone at Staff Quarters
2026-08-24 01:50:20.740180,2026-08-24 10:46:20.740180,ICU,staff_quarters,Staff Quarters,Electrical,Medium,2,10,0,8,18.1,True,Electrical incident in ICU zone at Staff Quarters
2026-08-25 01:50:20.740180,2026-08-25 11:07:20.740180,Pharmacy,opd_block,OPD Block,Chemical,Medium,2,11,1,8,28.6,True,Chemical incident in Pharmacy zone at OPD Block
2026-08-25 01:50:20.740180,2026-08-25 09:05:20.740180,Emergency,pharmacy,Pharmacy & Lab,Chemical,Critical,4,9,1,8,4.4,True,Chemical incident in Emergency zone at Pharmacy & Lab
2026-08-27 01:50:20.740180,2026-08-27 09:11:20.740180,Parking,pharmacy,Pharmacy & Lab,Needle-stick,Medium,2,9,3,8,5.1,True,Needle-stick incident in Parking zone at Pharmacy & Lab
2026-08-27 01:50:20.740180,2026-08-27 09:32:20.740180,Pharmacy,ipd_block,IPD Block,Chemical,Critical,4,9,3,8,3.0,True,Chemical incident in Pharmacy zone at IPD Block
2026-08-30 01:50:20.740180,2026-08-30 08:06:20.740180,Emergency,emergency,Emergency Wing,Chemical,Critical,4,8,6,8,6.9,True,Chemical incident in Emergency zone at Emergency Wing
2026-08-31 01:50:20.740180,2026-08-31 15:14:20.740180,Pharmacy,staff_quarters,Staff Quarters,Fire,Critical,4,15,0,8,1.0,True,Fire incident in Pharmacy zone at Staff Quarters
2026-09-01 01:50:20.740180,2026-09-01 10:38:20.740180,ICU,admin_wing,Admin Wing,Needle-stick,Medium,2,10,1,9,5.0,True,Needle-stick incident in ICU zone at Admin Wing
2026-09-01 01:50:20.740180,2026-09-01 15:03:20.740180,Lab,opd_block,OPD Block,Slip/Fall,High,3,15,1,9,13.8,True,Slip/Fall incident in Lab zone at OPD Block
2026-09-01 01:50:20.740180,2026-09-01 11:19:20.740180,OPD,emergency,Emergency Wing,Slip/Fall,Low,1,11,1,9,47.4,True,Slip/Fall incident in OPD zone at Emergency Wing
2026-09-02 01:50:20.740180,2026-09-02 18:58:20.740180,Pharmacy,admin_wing,Admin Wing,Chemical,Critical,4,18,2,9,2.4,True,Chemical incident in Pharmacy zone at Admin Wing
2026-09-02 01:50:20.740180,2026-09-02 13:46:20.740180,Lab,emergency,Emergency Wing,Chemical,High,3,13,2,9,4.7,True,Chemical incident in Lab zone at Emergency Wing
2026-09-03 01:50:20.740180,2026-09-03 17:53:20.740180,OPD,emergency,Emergency Wing,Electrical,High,3,17,3,9,13.8,True,Electrical incident in OPD zone at Emergency Wing
2026-09-04 01:50:20.740180,2026-09-04 13:07:20.740180,ICU,opd_block,OPD Block,Needle-stick,Medium,2,13,4,9,20.5,False,Needle-stick incident in ICU zone at OPD Block
2026-09-04 01:50:20.740180,2026-09-04 10:16:20.740180,OPD,emergency,Emergency Wing,Fire,High,3,10,4,9,8.5,True,Fire incident in OPD zone at Emergency Wing
2026-09-08 01:50:20.740180,2026-09-08 11:17:20.740180,ICU,admin_wing,Admin Wing,Electrical,High,3,11,1,9,9.3,True,Electrical incident in ICU zone at Admin Wing
2026-09-08 01:50:20.740180,2026-09-08 10:42:20.740180,Parking,emergency,Emergency Wing,Needle-stick,Critical,4,10,1,9,7.0,True,Needle-stick incident in Parking zone at Emergency Wing
2026-09-08 01:50:20.740180,2026-09-08 13:30:20.740180,Pharmacy,emergency,Emergency Wing,Chemical,Medium,2,13,1,9,27.8,True,Chemical incident in Pharmacy zone at Emergency Wing
2026-09-09 01:50:20.740180,2026-09-09 10:36:20.740180,Emergency,pharmacy,Pharmacy & Lab,Electrical,High,3,10,2,9,12.1,True,Electrical incident in Emergency zone at Pharmacy & Lab
2026-09-09 01:50:20.740180,2026-09-09 17:01:20.740180,Pharmacy,staff_quarters,Staff Quarters,Biohazard,Medium,2,17,2,9,22.4,True,Biohazard incident in Pharmacy zone at Staff Quarters
2026-09-10 01:50:20.740180,2026-09-10 08:09:20.740180,Pharmacy,emergency,Emergency Wing,Chemical,Medium,2,8,3,9,29.7,True,Chemical incident in Pharmacy zone at Emergency Wing
2026-09-10 01:50:20.740180,2026-09-10 12:12:20.740180,Pharmacy,ipd_block,IPD Block,Biohazard,High,3,12,3,9,5.2,True,Biohazard incident in Pharmacy zone at IPD Block
2026-09-11 01:50:20.740180,2026-09-11 12:24:20.740180,Parking,opd_block,OPD Block,Fire,High,3,12,4,9,11.7,True,Fire incident in Parking zone at OPD Block
2026-09-11 01:50:20.740180,2026-09-11 11:44:20.740180,Emergency,pharmacy,Pharmacy & Lab,Needle-stick,Low,1,11,4,9,20.2,True,Needle-stick incident in Emergency zone at Pharmacy & Lab
2026-09-11 01:50:20.740180,2026-09-11 13:06:20.740180,Pharmacy,opd_block,OPD Block,Fire,Medium,2,13,4,9,16.2,True,Fire incident in Pharmacy zone at OPD Block
2026-09-12 01:50:20.740180,2026-09-12 13:59:20.740180,Lab,pharmacy,Pharmacy & Lab,Slip/Fall,Low,1,13,5,9,22.7,True,Slip/Fall incident in Lab zone at Pharmacy & Lab
2026-09-13 01:50:20.740180,2026-09-13 14:23:20.740180,Emergency,admin_wing,Admin Wing,Fire,High,3,14,6,9,9.3,True,Fire incident in Emergency zone at Admin Wing
2026-09-14 01:50:20.740180,2026-09-14 10:24:20.740180,ICU,ipd_block,IPD Block,Chemical,High,3,10,0,9,14.1,True,Chemical incident in ICU zone at IPD Block
2026-09-14 01:50:20.740180,2026-09-14 12:47:20.740180,Pharmacy,staff_quarters,Staff Quarters,Needle-stick,Medium,2,12,0,9,16.9,False,Needle-stick incident in Pharmacy zone at Staff Quarters
2026-09-14 01:50:20.740180,2026-09-14 15:18:20.740180,OPD,opd_block,OPD Block,Slip/Fall,High,3,15,0,9,13.3,True,Slip/Fall incident in OPD zone at OPD Block
2026-09-16 01:50:20.740180,2026-09-16 12:13:20.740180,Parking,staff_quarters,Staff Quarters,Fire,High,3,12,2,9,6.2,True,Fire incident in Parking zone at Staff Quarters
2026-09-16 01:50:20.740180,2026-09-16 21:22:20.740180,Pharmacy,admin_wing,Admin Wing,Fire,High,3,21,2,9,13.1,True,Fire incident in Pharmacy zone at Admin Wing
2026-09-17 01:50:20.740180,2026-09-17 12:27:20.740180,Emergency,emergency,Emergency Wing,Chemical,High,3,12,3,9,12.3,True,Chemical incident in Emergency zone at Emergency Wing
2026-09-17 01:50:20.740180,2026-09-17 17:12:20.740180,Parking,opd_block,OPD Block,Fire,Low,1,17,3,9,21.2,True,Fire incident in Parking zone at OPD Block
2026-09-18 01:50:20.740180,2026-09-18 10:12:20.740180,ICU,ipd_block,IPD Block,Needle-stick,Medium,2,10,4,9,16.0,True,Needle-stick incident in ICU zone at IPD Block
2026-09-18 01:50:20.740180,2026-09-18 18:59:20.740180,Parking,opd_block,OPD Block,Electrical,High,3,18,4,9,9.3,True,Electrical incident in Parking zone at OPD Block
2026-09-18 01:50:20.740180,2026-09-18 17:22:20.740180,ICU,staff_quarters,Staff Quarters,Needle-stick,Low,1,17,4,9,55.5,True,Needle-stick incident in ICU zone at Staff Quarters
2026-09-20 01:50:20.740180,2026-09-20 06:21:20.740180,Parking,admin_wing,Admin Wing,Electrical,Medium,2,6,6,9,18.0,True,Electrical incident in Parking zone at Admin Wing
2026-09-21 01:50:20.740180,2026-09-21 10:00:20.740180,Pharmacy,emergency,Emergency Wing,Slip/Fall,Low,1,10,0,9,59.3,True,Slip/Fall incident in Pharmacy zone at Emergency Wing
2026-09-22 01:50:20.740180,2026-09-22 11:16:20.740180,Parking,opd_block,OPD Block,Slip/Fall,Medium,2,11,1,9,28.8,True,Slip/Fall incident in Parking zone at OPD Block
2026-09-23 01:50:20.740180,2026-09-23 10:43:20.740180,Pharmacy,staff_quarters,Staff Quarters,Chemical,Critical,4,10,2,9,2.8,True,Chemical incident in Pharmacy zone at Staff Quarters
2026-09-24 01:50:20.740180,2026-09-24 10:33:20.740180,Parking,pharmacy,Pharmacy & Lab,Electrical,High,3,10,3,9,14.2,True,Electrical incident in Parking zone at Pharmacy & Lab
2026-09-25 01:50:20.740180,2026-09-25 16:31:20.740180,Pharmacy,ipd_block,IPD Block,Chemical,Critical,4,16,4,9,6.5,True,Chemical incident in Pharmacy zone at IPD Block
2026-09-28 01:50:20.740180,2026-09-28 09:18:20.740180,Parking,ipd_block,IPD Block,Fire,High,3,9,0,9,12.2,True,Fire incident in Parking zone at IPD Block
2026-09-28 01:50:20.740180,2026-09-28 08:51:20.740180,OPD,staff_quarters,Staff Quarters,Biohazard,High,3,8,0,9,8.8,True,Biohazard incident in OPD zone at Staff Quarters
2026-09-28 01:50:20.740180,2026-09-28 11:37:20.740180,Lab,ipd_block,IPD Block,Slip/Fall,High,3,11,0,9,8.3,True,Slip/Fall incident in Lab zone at IPD Block
2026-09-29 01:50:20.740180,2026-09-29 10:38:20.740180,OPD,staff_quarters,Staff Quarters,Needle-stick,High,3,10,1,9,10.5,True,Needle-stick incident in OPD zone at Staff Quarters
2026-09-29 01:50:20.740180,2026-09-29 11:11:20.740180,Lab,emergency,Emergency Wing,Electrical,Low,1,11,1,9,51.9,True,Electrical incident in Lab zone at Emergency Wing
2026-09-30 01:50:20.740180,2026-09-30 16:36:20.740180,Lab,staff_quarters,Staff Quarters,Needle-stick,Medium,2,16,2,9,9.6,True,Needle-stick incident in Lab zone at Staff Quarters
2026-10-01 01:50:20.740180,2026-10-01 17:30:20.740180,Parking,opd_block,OPD Block,Biohazard,High,3,17,3,10,7.5,True,Biohazard incident in Parking zone at OPD Block
2026-10-01 01:50:20.740180,2026-10-01 19:03:20.740180,Emergency,staff_quarters,Staff Quarters,Slip/Fall,Low,1,19,3,10,48.1,True,Slip/Fall incident in Emergency zone at Staff Quarters
2026-10-02 01:50:20.740180,2026-10-02 14:18:20.740180,Pharmacy,staff_quarters,Staff Quarters,Slip/Fall,Medium,2,14,4,10,8.2,True,Slip/Fall incident in Pharmacy zone at Staff Quarters
2026-10-02 01:50:20.740180,2026-10-02 10:54:20.740180,Emergency,ipd_block,IPD Block,Fire,High,3,10,4,10,8.2,True,Fire incident in Emergency zone at IPD Block
